CATEGORY,ASIN,NAME,ORIGINAL_PRICE,URL,SALE_PRICE,AVAILABILITY,RANK
Home & Kitchen > Bath > Bath Rugs,B01CA1856W,"Chardin home 2 Piece Arizona Reversible Bath Rug Set (21""x34"" & 17""x24"") Light Yellow",$19.99,http://www.amazon.com/dp/B01CA1856W,$19.99,In Stock.,"#975,378 in Home and Kitchen ()#3,179 in  >  >"
Home & Kitchen > Bath > Bath Rugs,B01CA1DLSY,"Chardin home 2 Piece Arizona Reversible Bath Rug Set (21""x34"" & 17""x24"") Sky Blue",,http://www.amazon.com/dp/B01CA1DLSY,,"Currently unavailable.
        
        
    
    

    
    
         
        
        
            We don't know when or if this item will be back in stock.","#817,169 in Home and Kitchen ()#2,622 in  >  >"
Home & Kitchen > Bath > Bath Rugs,B01CA1IGRU,"Chardin home 2 Piece Arizona Reversible Bath Rug Set (21""x34"" & 17""x24"") Beige",$22.06,http://www.amazon.com/dp/B01CA1IGRU,$22.06,In stock.,"#1,090,617 in Home and Kitchen ()#3,587 in  >  >"
Home & Kitchen > Bath > Bath Rugs,B01CA1LUTG,"Chardin home 2 Piece Arizona Reversible Bath Rug Set (21""x34"" & 17""x24"") White",$22.06,http://www.amazon.com/dp/B01CA1LUTG,$22.06,In stock.,"#1,188,039 in Home and Kitchen ()#3,957 in  >  >"
Home & Kitchen > Bath > Bath Rugs,B01CA1OTMG,"Chardin home 2 Piece Arizona Reversible Bath Rug Set (21""x34"" & 17""x24"") White",$22.06,http://www.amazon.com/dp/B01CA1OTMG,$22.06,In stock.,"#1,188,039 in Home and Kitchen ()#3,957 in  >  >"
,B017EPG5RA,"Chardin home 2 Piece Arizona Reversible Bath Rug Set (21""x34"" & 17""x24"") Griffin Gray",$22.06,http://www.amazon.com/dp/B017EPG5RA,$22.06,In stock.,"#1,259,193 in Home and Kitchen ()"
Home & Kitchen > Bath > Bath Rugs,B01KYHNHIA,"Chardin home Arizona Reversible Bath Rug Set, Chocolate, 2 Piece",$19.99,http://www.amazon.com/dp/B01KYHNHIA,$19.99,Usually ships within 1 to 2 months.,
Home & Kitchen > Bath > Bath Rugs,B01CA3435W,"Chardin Home - 100% Pure Cotton - 2 Piece Cordural Stripe Bath Rug Set, (24''x40'' & 21''x34'') Brown-Beige with Latex spray non-skid backing",$25.84,http://www.amazon.com/dp/B01CA3435W,$25.84,In stock.,"#1,783,753 in Home and Kitchen ()#6,066 in  >  >"
Home & Kitchen > Bath > Bath Rugs,B01CA3BNK0,"Chardin Home - 100% Pure Cotton - 2 Piece Cordural Stripe Bath Rug Set, (24''x40'' & 21''x34'') Gray-Beige with Latex spray non-skid backing",$25.84,http://www.amazon.com/dp/B01CA3BNK0,$25.84,In stock.,"#527,436 in Home and Kitchen ()#1,662 in  >  >"
Home & Kitchen > Bath > Bath Rugs,B01CA3EJH4,"Chardin Home - 100% Pure Cotton - 2 Piece Cordural Stripe Bath Rug Set, (24''x40'' & 21''x34'') Aqua Turquoise with Latex spray non-skid backing",$25.84,http://www.amazon.com/dp/B01CA3EJH4,$25.84,In stock.,"#1,622,150 in Home and Kitchen ()#5,512 in  >  >"
Home & Kitchen > Bath > Bath Rugs,B01C78C62M,"Chardin Home - 100% Pure Cotton - 2 Piece Cordural Stripe Bath Rug Set, (24''x40'' & 21''x34'') Gray-Charcoal with Latex spray non-skid backing",$25.84,http://www.amazon.com/dp/B01C78C62M,$25.84,In stock.,"#1,459,994 in Home and Kitchen ()#4,920 in  >  >"
Home & Kitchen > Bath > Bath Rugs,B01LWQH0JV,"Chardin Home - 100% Pure Cotton - 2 Piece Cordural Stripe Bath Rug Set, (24''x40'' & 21''x34'') Blues with Latex spray non-skid backing",$34.99,http://www.amazon.com/dp/B01LWQH0JV,$34.99,"Temporarily out of stock.
        
        
    
    

    
    
         
        
        
            Order now and we'll deliver when available. We'll e-mail you with an estimated delivery date as soon as we have more information. Your account will only be charged when we ship the item.",
Home & Kitchen > Bath > Bath Rugs,B01CA3UUCC,"Chardin Home - 100% Pure Cotton - 2 Piece Cordural Stripe Bath Rug Set, (21''x34'' & 17''x24'') Brown-Beige with Latex spray non-skid backing",$24.99,http://www.amazon.com/dp/B01CA3UUCC,$24.99,Usually ships within 2 to 4 weeks.,"#1,245,585 in Home and Kitchen ()#4,140 in  >  >"
Home & Kitchen > Bath > Bath Rugs,B01CA4383E,"Chardin Home - 100% Pure Cotton - 2 Piece Cordural Stripe Bath Rug Set, (21''x34'' & 17''x24'') Aqua Turquoise with Latex spray non-skid backing",$24.99,http://www.amazon.com/dp/B01CA4383E,$24.99,"Temporarily out of stock.
        
        
    
    

    
    
         
        
        
            Order now and we'll deliver when available. We'll e-mail you with an estimated delivery date as soon as we have more information. Your account will only be charged when we ship the item.","#1,326,654 in Home and Kitchen ()#4,409 in  >  >"
Home & Kitchen > Bath > Bath Rugs,B01CA489EC,"Chardin Home - 100% Pure Cotton - 2 Piece Cordural Stripe Bath Rug Set, (21''x34'' & 17''x24'') Gray-Charcoal with Latex spray non-skid backing",,http://www.amazon.com/dp/B01CA489EC,,"Currently unavailable.
        
        
    
    

    
    
         
        
        
            We don't know when or if this item will be back in stock.","#1,108,088 in Home and Kitchen ()#3,663 in  >  >"
Home & Kitchen > Bath > Bath Rugs,B01CA4D5EQ,"Chardin Home - 100% Pure Cotton - 2 Piece Cordural Stripe Bath Rug Set, (21''x34'' & 17''x24'') Aqua Turquoise",,http://www.amazon.com/dp/B01CA4D5EQ,,"Currently unavailable.
        
        
    
    

    
    
         
        
        
            We don't know when or if this item will be back in stock.","#1,210,496 in Home and Kitchen ()#4,027 in  >  >"
Home & Kitchen > Bath > Bath Rugs,B01M0BCBG4,"Chardin Home - 100% Pure Cotton - 2 Piece Cordural Stripe Bath Rug Set, (21''x34'' & 17''x24'') Blues with Latex spray non-skid backing",$24.99,http://www.amazon.com/dp/B01M0BCBG4,$24.99,"Temporarily out of stock.
        
        
    
    

    
    
         
        
        
            Order now and we'll deliver when available. We'll e-mail you with an estimated delivery date as soon as we have more information. Your account will only be charged when we ship the item.",
Home & Kitchen > Bath > Bath Rugs,B01CD9HGC0,"Chardin Home - 100% Cotton 2 Piece Impression Bath Rug Set, (24''x40'' & 21''x34'') Lt Gray",$39.99,http://www.amazon.com/dp/B01CD9HGC0,$39.99,Only 5 left in stock (more on the way).,
Home & Kitchen > Bath > Bath Rugs,B01CD9MKHQ,"Chardin Home - 100% Cotton 2 Piece Impression Bath Rug Set, (24''x40'' & 21''x34'') Stone Blue",$39.99,http://www.amazon.com/dp/B01CD9MKHQ,$39.99,Only 1 left in stock (more on the way).,"#737,702 in Home and Kitchen ()#2,339 in  >  >"
Home & Kitchen > Bath > Bath Rugs,B01CEN9P1A,"Chardin Home - 100% Cotton 2 Piece Impression Bath Rug Set, (24''x40'' & 21''x34'') Lavender",$39.99,http://www.amazon.com/dp/B01CEN9P1A,$39.99,Only 7 left in stock (more on the way).,"#2,147,679 in Home and Kitchen ()#7,290 in  >  >"
Home & Kitchen > Bath > Bath Rugs,B01CDHROE2,"Chardin Home - 100% Cotton 2 Piece Impression Bath Rug Set, (24''x40'' & 21''x34'') Beige",$28.96,http://www.amazon.com/dp/B01CDHROE2,$28.96,Only 2 left in stock (more on the way).,"#335,051 in Home and Kitchen ()#1,035 in  >  >"
Home & Kitchen > Bath > Bath Rugs,B01CDHNOU0,"Chardin Home - 100% Cotton 2 Piece Impression Bath Rug Set, (21''x34'' & 17''x24'') Lt Gray",$24.58,http://www.amazon.com/dp/B01CDHNOU0,$24.58,Only 3 left in stock (more on the way).,"#398,104 in Home and Kitchen ()#1,227 in  >  >"
Home & Kitchen > Bath > Bath Rugs,B01CDA0IKG,"Chardin Home - 100% Cotton 2 Piece Impression Bath Rug Set, (21''x34'' & 17''x24'') Stone Blue",$24.99,http://www.amazon.com/dp/B01CDA0IKG,$24.99,Only 11 left in stock.,"#512,746 in Home and Kitchen ()#1,611 in  >  >"
Home & Kitchen > Bath > Bath Rugs,B01CD9XXHW,"Chardin Home - 100% Cotton 2 Piece Impression Bath Rug Set, (21''x34'' & 17''x24'') Lavender",$24.58,http://www.amazon.com/dp/B01CD9XXHW,$24.58,Only 8 left in stock (more on the way).,"#1,000,795 in Home and Kitchen ()#3,276 in  >  >"
Home & Kitchen > Bath > Bath Rugs,B01CD9VHWA,"Chardin Home - 100% Cotton 2 Piece Impression Bath Rug Set, (21''x34'' & 17''x24'') Beige",$24.99,http://www.amazon.com/dp/B01CD9VHWA,$24.99,In Stock.,"#442,572 in Home and Kitchen ()#1,382 in  >  >"
Home & Kitchen > Bath > Bath Rugs,B01CA78PDE,"Chardin Home - 100% Pure Cotton Pebbles Bath Rug, Large, 27'' W x 45'' L, Brown - Easy Care Machine Wash",$22.88,http://www.amazon.com/dp/B01CA78PDE,$22.88,In Stock.,"#456,883 in Home and Kitchen ()#1,440 in  >  >"
Home & Kitchen > Bath > Bath Rugs,B00BS81QZ6,"Chardin Home - 100% Pure Cotton Pebbles Bath Rug, Large, 27'' W x 45'' L, Gray-Beige - Easy Care Machine Wash",$23.78,http://www.amazon.com/dp/B00BS81QZ6,$23.78,In stock.,"#1,285,001 in Home and Kitchen ()#4,259 in  >  >"
Home & Kitchen > Bath > Bath Rugs,B00BS81RDC,"Chardin Home - 100% Pure Cotton Pebbles Bath Rug, Large, 27'' W x 45'' L, Grays - Easy Care Machine Wash",$23.78,http://www.amazon.com/dp/B00BS81RDC,$23.78,In stock.,"#394,644 in Home and Kitchen ()#1,214 in  >  >"
Home & Kitchen > Bath > Bath Rugs,B01CA7HWRE,"Chardin Home - 100% Pure Cotton Pebbles Bath Rug, Large, 27'' W x 45'' L, Turquoise - Easy Care Machine Wash",$23.42,http://www.amazon.com/dp/B01CA7HWRE,$23.42,In Stock.,"#913,893 in Home and Kitchen ()#2,942 in  >  >"
Home & Kitchen > Bath > Bath Rugs,B01M0B1XK9,"Chardin Home - 100% Pure Cotton Pebbles Bath Rug, Large, 27'' W x 45'' L, Blues - Easy Care Machine Wash",$29.99,http://www.amazon.com/dp/B01M0B1XK9,$29.99,"Temporarily out of stock.
        
        
    
    

    
    
         
        
        
            Order now and we'll deliver when available. We'll e-mail you with an estimated delivery date as soon as we have more information. Your account will only be charged when we ship the item.",
Home & Kitchen > Bath > Bath Rugs,B01CCVGCE2,"Chardin Home Classic Bath Rug, Large 27""X45"" Tan, 100% Pure Cotton, Super Soft, Plush & Absorbent with Latex Spray Non-skid Backing",$19.93,http://www.amazon.com/dp/B01CCVGCE2,$19.93,In Stock.,"#912,672 in Home and Kitchen ()#2,939 in  >  >"
Home & Kitchen > Bath > Bath Rugs,B01CCVVQNE,"Chardin Home Classic Bath Rug, Large 27""X45"" Blue 100% Pure Cotton, Super Soft, Plush & Absorbent with Latex Spray Non-skid Backing",$20.68,http://www.amazon.com/dp/B01CCVVQNE,$20.68,In stock.,"#920,444 in Home and Kitchen ()#2,969 in  >  >"
Home & Kitchen > Bath > Bath Rugs,B01CCW05L2,"Chardin Home Classic Bath Rug, Large 27""X45"" Blue 100% Pure Cotton, Super Soft, Plush & Absorbent with Latex Spray Non-skid Backing",$20.68,http://www.amazon.com/dp/B01CCW05L2,$20.68,In stock.,"#920,444 in Home and Kitchen ()#2,969 in  >  >"
Home & Kitchen > Bath > Bath Rugs,B01CCWBQ5Q,"Chardin Home Classic Bath Rug, Large 27""X45"" Blue 100% Pure Cotton, Super Soft, Plush & Absorbent with Latex Spray Non-skid Backing",$20.68,http://www.amazon.com/dp/B01CCWBQ5Q,$20.68,In stock.,"#920,444 in Home and Kitchen ()#2,969 in  >  >"
Home & Kitchen > Bath > Bath Rugs,B01ALQDH6Q,"Chardin Home Classic Bath Rug, Large 27""X45"" Black, 100% Pure Cotton, Super Soft, Plush & Absorbent with Latex Spray Non-skid Backing",,http://www.amazon.com/dp/B01ALQDH6Q,,"Currently unavailable.
        
        
    
    

    
    
         
        
        
            We don't know when or if this item will be back in stock.","#973,658 in Home and Kitchen ()#3,171 in  >  >"
Home & Kitchen > Bath > Bath Rugs,B01LX1L8CI,"Chardin home Classic Bath Rug, Large",$19.99,http://www.amazon.com/dp/B01LX1L8CI,$19.99,"Temporarily out of stock.
        
        
    
    

    
    
         
        
        
            Order now and we'll deliver when available. We'll e-mail you with an estimated delivery date as soon as we have more information. Your account will only be charged when we ship the item.",
Home & Kitchen > Bath > Bath Rugs,B01LY0SCER,"Chardin home Classic Bath Rug, Large",$19.99,http://www.amazon.com/dp/B01LY0SCER,$19.99,"Temporarily out of stock.
        
        
    
    

    
    
         
        
        
            Order now and we'll deliver when available. We'll e-mail you with an estimated delivery date as soon as we have more information. Your account will only be charged when we ship the item.",
Home & Kitchen > Bath > Bath Rugs,B01M0ASSZL,"Chardin home Classic Bath Rug, Large",$19.99,http://www.amazon.com/dp/B01M0ASSZL,$19.99,"Temporarily out of stock.
        
        
    
    

    
    
         
        
        
            Order now and we'll deliver when available. We'll e-mail you with an estimated delivery date as soon as we have more information. Your account will only be charged when we ship the item.",
Home & Kitchen > Bath > Bath Rugs,B01CE4IH90,"Chardin Home - Mikhael - Machine Washable - 100% Cotton Luxury Spa Bath Rug, Soft & Absorbent with anti-skid spray latex back. 24""X40"", Natural Sage",$14.99,http://www.amazon.com/dp/B01CE4IH90,$14.99,Only 3 left in stock (more on the way).,"#157,731 in Home and Kitchen ()#456 in  >  >"
Home & Kitchen > Bath > Bath Rugs,B01CCZT26I,"Chardin Home - Mikhael - Machine Washable - 100% Cotton Luxury Spa Bath Rug, Soft & Absorbent with anti-skid spray latex back. 24""X40"", Natural Blue",$14.99,http://www.amazon.com/dp/B01CCZT26I,$14.99,Only 2 left in stock (more on the way).,"#1,643,055 in Home and Kitchen ()#5,590 in  >  >"
Home & Kitchen > Bath > Bath Rugs,B01CE4GXWS,"Chardin Home - Mikhael - Machine Washable - 100% Cotton Luxury Spa Bath Rug, Soft & Absorbent with anti-skid spray latex back. 24""X40"", Natural Lilac",$14.99,http://www.amazon.com/dp/B01CE4GXWS,$14.99,Only 12 left in stock (more on the way).,"#2,650,217 in Home and Kitchen ()#8,931 in  >  >"
Home & Kitchen > Bath > Bath Rugs,B01CCZYCBS,"Chardin Home - Mikhael - Machine Washable - 100% Cotton Luxury Spa Bath Rug, Soft & Absorbent with anti-skid spray latex back. 24""X40"", Natural Blue",$14.99,http://www.amazon.com/dp/B01CCZYCBS,$14.99,Only 2 left in stock (more on the way).,"#1,643,055 in Home and Kitchen ()#5,590 in  >  >"
Home & Kitchen > Bath > Bath Rugs,B01H2J1GUE,"Chardin Home - 100% Pure Cotton - Crochet Bath Rug , 21''x34'' Mat with Latex spray non-skid backing, Sage Green",$14.99,http://www.amazon.com/dp/B01H2J1GUE,$14.99,Only 6 left in stock (more on the way).,"#669,891 in Home and Kitchen ()#2,107 in  >  >"
Home & Kitchen > Bath > Bath Rugs,B01H2IYLY8,"Chardin Home - 100% Pure Cotton - Crochet Bath Rug , 21''x34'' Mat with Latex spray non-skid backing, Pink rose",$14.99,http://www.amazon.com/dp/B01H2IYLY8,$14.99,Only 10 left in stock (more on the way).,"#1,518,575 in Home and Kitchen ()#5,127 in  >  >"
Home & Kitchen > Bath > Bath Rugs,B01H2IWXCU,"Chardin Home - 100% Pure Cotton - Crochet Bath Rug , 21''x34'' Mat with Latex spray non-skid backing, White",$14.99,http://www.amazon.com/dp/B01H2IWXCU,$14.99,Only 8 left in stock (more on the way).,"#1,477,767 in Home and Kitchen ()#4,985 in  >  >"
Home & Kitchen > Bath > Bath Rugs,B01H2ISTS2,"Chardin Home - 100% Pure Cotton - Crochet Bath Rug , 21''x34'' Mat with Latex spray non-skid backing, Aqua Blue",$14.99,http://www.amazon.com/dp/B01H2ISTS2,$14.99,Only 3 left in stock (more on the way).,"#2,192,224 in Home and Kitchen ()#7,459 in  >  >"
Home & Kitchen > Bath > Bath Rugs,B01GS57BE8,"Chardin Home - 100% Pure Cotton - 2 Piece Chevron Bath Rug Set (21''x34'' & 17''x24'') with Latex spray anti-skid backing, Navy White",$26.53,http://www.amazon.com/dp/B01GS57BE8,$26.53,Only 12 left in stock (more on the way).,"#1,047,565 in Home and Kitchen ()#3,423 in  >  >"
Home & Kitchen > Bath > Bath Rugs,B01GS6M0ZW,"Chardin Home - 100% Pure Cotton - 2 Piece Chevron Bath Rug Set (21''x34'' & 17''x24'') with Latex spray anti-skid backing, Charocal Gray White",$24.28,http://www.amazon.com/dp/B01GS6M0ZW,$24.28,Only 3 left in stock (more on the way).,"#615,512 in Home and Kitchen ()#1,923 in  >  >"
Home & Kitchen > Bath > Bath Rugs,B01GS6JW58,"Chardin Home - 100% Pure Cotton - 2 Piece Chevron Bath Rug Set (21''x34'' & 17''x24'') with Latex spray anti-skid backing, Smoke Blue White",$24.28,http://www.amazon.com/dp/B01GS6JW58,$24.28,Only 14 left in stock (more on the way).,"#876,295 in Home and Kitchen ()#2,821 in  >  >"
Home & Kitchen > Bath > Bath Rugs,B01H238MKM,"Chardin Home - 100% Pure Cotton - Canton reversible Bath Rug, 21''x34'' highly absorbent & heavy duty bathroom mat, Mocha",$14.99,http://www.amazon.com/dp/B01H238MKM,$14.99,In stock but may require an extra 1-2 days to process.,"#1,115,543 in Home and Kitchen ()#3,693 in  >  >"
Home & Kitchen > Bath > Bath Rugs,B01H24036W,"Chardin Home - 100% Pure Cotton - Canton reversible Bath Rug, 21''x34'' highly absorbent & heavy duty bathroom mat, Navy Blue",$14.99,http://www.amazon.com/dp/B01H24036W,$14.99,Only 10 left in stock (more on the way).,"#782,308 in Home and Kitchen ()#2,513 in  >  >"
Home & Kitchen > Bath > Bath Rugs,B01H2475A4,"Chardin Home - 100% Pure Cotton - Canton reversible Bath Rug, 21''x34'' highly absorbent & heavy duty bathroom mat, Smoke Blue",$14.99,http://www.amazon.com/dp/B01H2475A4,$14.99,"In stock on October 22, 2016.
        
        
    
    

    
    
         
        
        
            Order it now.","#1,407,370 in Home and Kitchen ()#4,714 in  >  >"
Home & Kitchen > Bath > Bath Rugs,B01H2IN3L0,"Chardin Home - 100% Pure Cotton - Canton reversible Bath Rug, 21''x34'' highly absorbent & heavy duty bathroom mat, Charcoal Gray",$14.99,http://www.amazon.com/dp/B01H2IN3L0,$14.99,Only 4 left in stock (more on the way).,"#908,138 in Home and Kitchen ()#2,920 in  >  >"
Home & Kitchen > Bath > Bath Rugs,B01H24KGNW,"Chardin Home - 100% Pure Cotton - Canton reversible Bath Rug, 21''x34'' highly absorbent & heavy duty bathroom mat, Sage Green",$14.99,http://www.amazon.com/dp/B01H24KGNW,$14.99,Only 11 left in stock (more on the way).,"#2,948,434 in Home and Kitchen ()#9,857 in  >  >"
Home & Kitchen > Bath > Bath Rugs,B01GS6I8DA,"Chardin Home - 100% Pure Cotton - 2 Piece Damask Bath Rug Set (21''x34'' & 17''x24'') with Latex spray anti-skid backing, Beige White",$22.03,http://www.amazon.com/dp/B01GS6I8DA,$22.03,In stock.,"#1,601,545 in Home and Kitchen ()#5,443 in  >  >"
Home & Kitchen > Bath > Bath Rugs,B01GS6GIEG,"Chardin Home - 100% Pure Cotton - 2 Piece Damask Bath Rug Set (21''x34'' & 17''x24'') with Latex spray anti-skid backing, Light Gray White",$22.03,http://www.amazon.com/dp/B01GS6GIEG,$22.03,In stock.,"#789,573 in Home and Kitchen ()#2,543 in  >  >"
Home & Kitchen > Bath > Bath Rugs,B01GS6ERF8,"Chardin Home - 100% Pure Cotton - 2 Piece Damask Bath Rug Set (21''x34'' & 17''x24'') with Latex spray anti-skid backing, Smoke Blue White",$24.28,http://www.amazon.com/dp/B01GS6ERF8,$24.28,Only 13 left in stock (more on the way).,"#1,484,407 in Home and Kitchen ()#5,012 in  >  >"
Home & Kitchen > Bath > Bath Rugs,B01GS9UTDE,"Chardin Home - 100% Pure Cotton - 2 Piece Damask Bath Rug Set (21''x34'' & 17''x24'') with Latex spray anti-skid backing, Sage Green White",$24.28,http://www.amazon.com/dp/B01GS9UTDE,$24.28,Only 4 left in stock (more on the way).,"#324,953 in Home and Kitchen ()#1,012 in  >  >"
Home & Kitchen > Bath > Bath Rugs,B01H26DF06,"Chardin Home - Plush Pebbles Microfiber Chenille Rug, 21""x34"" Soft & highly absorbent mat, Machine washable, Tonal Greens",$14.99,http://www.amazon.com/dp/B01H26DF06,$14.99,Only 10 left in stock (more on the way).,"#1,472,103 in Home and Kitchen ()#4,963 in  >  >"
Home & Kitchen > Bath > Bath Rugs,B01H26PCJ8,"Chardin Home - Plush Pebbles Microfiber Chenille Rug, 21""x34"" Soft & highly absorbent mat, Machine washable, Beige Ivory",$14.99,http://www.amazon.com/dp/B01H26PCJ8,$14.99,Only 10 left in stock (more on the way).,"#2,114,838 in Home and Kitchen ()#7,168 in  >  >"
Home & Kitchen > Bath > Bath Rugs,B01LX24BRW,"Chardin Home - 100% Pure Cotton 2 Pc Pebbles Bath Rug Set, (24''x40'' / 21''x34''), Blues - Easy Care Machine Wash - With anti-skid back.",$29.99,http://www.amazon.com/dp/B01LX24BRW,$29.99,"Temporarily out of stock.
        
        
    
    

    
    
         
        
        
            Order now and we'll deliver when available. We'll e-mail you with an estimated delivery date as soon as we have more information. Your account will only be charged when we ship the item.",
Home & Kitchen > Bath > Bath Rugs,B01LY0SAW8,"Chardin home Classic Bath Rug Set, Cream",$16.99,http://www.amazon.com/dp/B01LY0SAW8,$16.99,"Temporarily out of stock.
        
        
    
    

    
    
         
        
        
            Order now and we'll deliver when available. We'll e-mail you with an estimated delivery date as soon as we have more information. Your account will only be charged when we ship the item.",
Home & Kitchen > Bath > Bath Rugs,B01M0ASW1T,"Chardin home Classic Bath Rug Set, Navy",$16.99,http://www.amazon.com/dp/B01M0ASW1T,$16.99,"Temporarily out of stock.
        
        
    
    

    
    
         
        
        
            Order now and we'll deliver when available. We'll e-mail you with an estimated delivery date as soon as we have more information. Your account will only be charged when we ship the item.",
Home & Kitchen > Bath > Bath Rugs,B01LXDD7MA,"Chardin home Classic Bath Rug Set, Burgundy",$16.99,http://www.amazon.com/dp/B01LXDD7MA,$16.99,"Temporarily out of stock.
        
        
    
    

    
    
         
        
        
            Order now and we'll deliver when available. We'll e-mail you with an estimated delivery date as soon as we have more information. Your account will only be charged when we ship the item.",
Home & Kitchen > Bath > Bath Rugs,B01LZNCSQ1,Chardin home Classic Bath Rug Set,$16.99,http://www.amazon.com/dp/B01LZNCSQ1,$16.99,"Temporarily out of stock.
        
        
    
    

    
    
         
        
        
            Order now and we'll deliver when available. We'll e-mail you with an estimated delivery date as soon as we have more information. Your account will only be charged when we ship the item.",
Home & Kitchen > Bath > Bath Rugs,B01M19W74V,"Chardin home Classic Bath Rug Set, Blue",$16.99,http://www.amazon.com/dp/B01M19W74V,$16.99,"Temporarily out of stock.
        
        
    
    

    
    
         
        
        
            Order now and we'll deliver when available. We'll e-mail you with an estimated delivery date as soon as we have more information. Your account will only be charged when we ship the item.",
Home & Kitchen > Bath > Bath Rugs,B01LWPX1O1,"Chardin home Classic Bath Rug Set, Platinum Gray",$16.99,http://www.amazon.com/dp/B01LWPX1O1,$16.99,"Temporarily out of stock.
        
        
    
    

    
    
         
        
        
            Order now and we'll deliver when available. We'll e-mail you with an estimated delivery date as soon as we have more information. Your account will only be charged when we ship the item.",
Home & Kitchen > Bath > Bath Rugs,B01M19FQAG,Chardin home Classic Bath Rug Set,$16.99,http://www.amazon.com/dp/B01M19FQAG,$16.99,"Temporarily out of stock.
        
        
    
    

    
    
         
        
        
            Order now and we'll deliver when available. We'll e-mail you with an estimated delivery date as soon as we have more information. Your account will only be charged when we ship the item.",
Home & Kitchen > Bath > Bath Rugs,B01LYZWB03,"Chardin home Classic Bath Rug Set, Linen",$16.99,http://www.amazon.com/dp/B01LYZWB03,$16.99,"Temporarily out of stock.
        
        
    
    

    
    
         
        
        
            Order now and we'll deliver when available. We'll e-mail you with an estimated delivery date as soon as we have more information. Your account will only be charged when we ship the item.",
Home & Kitchen > Bath > Bath Rugs,B01M0AT0YK,"Chardin home Classic Bath Rug Set, White",$16.99,http://www.amazon.com/dp/B01M0AT0YK,$16.99,"Temporarily out of stock.
        
        
    
    

    
    
         
        
        
            Order now and we'll deliver when available. We'll e-mail you with an estimated delivery date as soon as we have more information. Your account will only be charged when we ship the item.",
Home & Kitchen > Bath > Bath Rugs,B01M0ASTYB,"Chardin home Classic Bath Rug Set, Chocolate",$16.99,http://www.amazon.com/dp/B01M0ASTYB,$16.99,"Temporarily out of stock.
        
        
    
    

    
    
         
        
        
            Order now and we'll deliver when available. We'll e-mail you with an estimated delivery date as soon as we have more information. Your account will only be charged when we ship the item.",
Home & Kitchen > Bath > Bath Rugs,B01M0CXGC1,"Chardin Home - 100% Pure Cotton - Splendor reversible Bath Rug, 21''x34'' highly absorbent & heavy duty bathroom mat,Ivory",$16.99,http://www.amazon.com/dp/B01M0CXGC1,$16.99,"Temporarily out of stock.
        
        
    
    

    
    
         
        
        
            Order now and we'll deliver when available. We'll e-mail you with an estimated delivery date as soon as we have more information. Your account will only be charged when we ship the item.",
Home & Kitchen > Home Décor,B01M0OLVQ1,"Chardin Home - 100% Pure Cotton - Splendor reversible Bath Rug, 21''x34'' highly absorbent & heavy duty bathroom mat, White",$16.99,http://www.amazon.com/dp/B01M0OLVQ1,$16.99,"Temporarily out of stock.
        
        
    
    

    
    
         
        
        
            Order now and we'll deliver when available. We'll e-mail you with an estimated delivery date as soon as we have more information. Your account will only be charged when we ship the item.",
Home & Kitchen > Bath > Bath Rugs,B01LZ22NO9,"Chardin Home - 100% Pure Cotton - Splendor reversible Bath Rug, 21''x34'' highly absorbent & heavy duty bathroom mat, Marine Blue",$16.99,http://www.amazon.com/dp/B01LZ22NO9,$16.99,"Temporarily out of stock.
        
        
    
    

    
    
         
        
        
            Order now and we'll deliver when available. We'll e-mail you with an estimated delivery date as soon as we have more information. Your account will only be charged when we ship the item.",
Home & Kitchen > Bath > Bath Rugs,B01M1C3TSW,"Chardin Home - 100% Pure Cotton - Splendor reversible Bath Rug, 21''x34'' highly absorbent & heavy duty bathroom mat, Platinum Gray",$16.99,http://www.amazon.com/dp/B01M1C3TSW,$16.99,"Temporarily out of stock.
        
        
    
    

    
    
         
        
        
            Order now and we'll deliver when available. We'll e-mail you with an estimated delivery date as soon as we have more information. Your account will only be charged when we ship the item.",
Home & Kitchen > Bath > Bath Rugs,B01M0CY0RY,"Chardin Home - 100% Pure Cotton - Splendor reversible Bath Rug, 21''x34'' highly absorbent & heavy duty bathroom mat, Sage Green",$16.99,http://www.amazon.com/dp/B01M0CY0RY,$16.99,"Temporarily out of stock.
        
        
    
    

    
    
         
        
        
            Order now and we'll deliver when available. We'll e-mail you with an estimated delivery date as soon as we have more information. Your account will only be charged when we ship the item.",
Home & Kitchen > Bath > Bath Rugs,B01LWQK283,"Chardin home Splendor Reversible Bath Rug, Highly Absorbent and Heavy Duty Bathroom Mat, 24''W x 60''L, Ivory",$29.99,http://www.amazon.com/dp/B01LWQK283,$29.99,"Temporarily out of stock.
        
        
    
    

    
    
         
        
        
            Order now and we'll deliver when available. We'll e-mail you with an estimated delivery date as soon as we have more information. Your account will only be charged when we ship the item.",
Home & Kitchen > Bath > Bath Rugs,B01M0BFZQY,"Chardin home 100% Pure Cotton Splendor Reversible Bath Rug Highly Absorbent and Heavy Duty Bathroom Mat, 24'' W x 60'' L, White",$29.99,http://www.amazon.com/dp/B01M0BFZQY,$29.99,"Temporarily out of stock.
        
        
    
    

    
    
         
        
        
            Order now and we'll deliver when available. We'll e-mail you with an estimated delivery date as soon as we have more information. Your account will only be charged when we ship the item.",
Home & Kitchen > Bath > Bath Rugs,B01LZNZBEU,"Chardin home Splendor Reversible Bath Rug, Highly Absorbent and Heavy Duty Bathroom Mat, 24''W x 60''L, Marine Blue",$29.99,http://www.amazon.com/dp/B01LZNZBEU,$29.99,"Temporarily out of stock.
        
        
    
    

    
    
         
        
        
            Order now and we'll deliver when available. We'll e-mail you with an estimated delivery date as soon as we have more information. Your account will only be charged when we ship the item.",
Home & Kitchen > Bath > Bath Rugs,B01M0YQUCE,"Chardin home 100% Pure Cotton Splendor Reversible Bath Rug Highly Absorbent and Heavy Duty Bathroom Mat, 24'' W x 60'' L, Platinum Gray",$29.99,http://www.amazon.com/dp/B01M0YQUCE,$29.99,"Temporarily out of stock.
        
        
    
    

    
    
         
        
        
            Order now and we'll deliver when available. We'll e-mail you with an estimated delivery date as soon as we have more information. Your account will only be charged when we ship the item.",
Home & Kitchen > Bath > Bath Rugs,B01LXE052A,"Chardin home 100% Pure Cotton Splendor Reversible Bath Rug Highly Absorbent and Heavy Duty Bathroom Mat, 24'' W x 60'' L, Sage Green",$29.99,http://www.amazon.com/dp/B01LXE052A,$29.99,"Temporarily out of stock.
        
        
    
    

    
    
         
        
        
            Order now and we'll deliver when available. We'll e-mail you with an estimated delivery date as soon as we have more information. Your account will only be charged when we ship the item.",
Home & Kitchen > Bath > Bath Rugs,B01M0YAKKZ,"Chardin home 100% Pure Cotton Splendor Reversible Bath Rug Highly Absorbent and Heavy Duty Bathroom Mat, 24'' W x 40'' L, Ivory",$19.99,http://www.amazon.com/dp/B01M0YAKKZ,$19.99,"Temporarily out of stock.
        
        
    
    

    
    
         
        
        
            Order now and we'll deliver when available. We'll e-mail you with an estimated delivery date as soon as we have more information. Your account will only be charged when we ship the item.",
Home & Kitchen > Bath > Bath Rugs,B01M0YECDA,"Chardin home 100% Pure Cotton Splendor Reversible Bath Rug Highly Absorbent and Heavy Duty Bathroom Mat, 24'' W x 40'' L, White",$19.99,http://www.amazon.com/dp/B01M0YECDA,$19.99,"Temporarily out of stock.
        
        
    
    

    
    
         
        
        
            Order now and we'll deliver when available. We'll e-mail you with an estimated delivery date as soon as we have more information. Your account will only be charged when we ship the item.",
Home & Kitchen > Bath > Bath Rugs,B01LZNHMDG,"Chardin home 100% Pure Cotton Splendor Reversible Bath Rug Highly Absorbent and Heavy Duty Bathroom Mat, 24'' W x 40'' L, Marine Blue",$19.99,http://www.amazon.com/dp/B01LZNHMDG,$19.99,"Temporarily out of stock.
        
        
    
    

    
    
         
        
        
            Order now and we'll deliver when available. We'll e-mail you with an estimated delivery date as soon as we have more information. Your account will only be charged when we ship the item.",
Home & Kitchen > Bath > Bath Rugs,B01M0ATH9L,"Chardin home 100% Pure Cotton Splendor Reversible Bath Rug Highly Absorbent and Heavy Duty Bathroom Mat, 24'' W x 40'' L, Platinum Gray",$19.99,http://www.amazon.com/dp/B01M0ATH9L,$19.99,"Temporarily out of stock.
        
        
    
    

    
    
         
        
        
            Order now and we'll deliver when available. We'll e-mail you with an estimated delivery date as soon as we have more information. Your account will only be charged when we ship the item.","#981,493 in Home and Kitchen ()#3,203 in  >  >"
Home & Kitchen > Bath > Bath Rugs,B01LZBP4IJ,"Chardin home 100% Pure Cotton Splendor Reversible Bath Rug Highly Absorbent and Heavy Duty Bathroom Mat, 24'' W x 40'' L, Sage Green",$19.99,http://www.amazon.com/dp/B01LZBP4IJ,$19.99,"Temporarily out of stock.
        
        
    
    

    
    
         
        
        
            Order now and we'll deliver when available. We'll e-mail you with an estimated delivery date as soon as we have more information. Your account will only be charged when we ship the item.",
Home & Kitchen > Bath > Bath Rugs,B01LXP1IA7,"Chardin home - 2 Piece Splendor Reversible Bath Rug Set, (17''x24'' / 17''x 24"", Platinum Gray",$17.99,http://www.amazon.com/dp/B01LXP1IA7,$17.99,"Temporarily out of stock.
        
        
    
    

    
    
         
        
        
            Order now and we'll deliver when available. We'll e-mail you with an estimated delivery date as soon as we have more information. Your account will only be charged when we ship the item.",
Home & Kitchen > Bath > Bath Rugs,B01LYCF5OS,"Chardin home - 2 Piece Splendor Reversible Bath Rug Set, (17''x24'' / 17''x 24"", Linen-Beige",$17.99,http://www.amazon.com/dp/B01LYCF5OS,$17.99,"Temporarily out of stock.
        
        
    
    

    
    
         
        
        
            Order now and we'll deliver when available. We'll e-mail you with an estimated delivery date as soon as we have more information. Your account will only be charged when we ship the item.",
Home & Kitchen > Bath > Bath Rugs,B01LX1LECE,"Chardin home - 2 Piece Splendor Reversible Bath Rug Set, (17''x24'' / 17''x 24"", Chocolate Brown",$17.99,http://www.amazon.com/dp/B01LX1LECE,$17.99,"Temporarily out of stock.
        
        
    
    

    
    
         
        
        
            Order now and we'll deliver when available. We'll e-mail you with an estimated delivery date as soon as we have more information. Your account will only be charged when we ship the item.",
Home & Kitchen > Bath > Bath Rugs,B01M0MG1JS,"Chardin home - 2 Piece Splendor Reversible Bath Rug Set, (17''x24'' / 17''x 24"", White",$17.99,http://www.amazon.com/dp/B01M0MG1JS,$17.99,"Temporarily out of stock.
        
        
    
    

    
    
         
        
        
            Order now and we'll deliver when available. We'll e-mail you with an estimated delivery date as soon as we have more information. Your account will only be charged when we ship the item.",
Home & Kitchen > Bath > Bath Rugs,B01LZZ4MUD,"Chardin home - 2 Piece Splendor Reversible Bath Rug Set, (17''x24'' / 17''x 24"", Burgundy",$17.99,http://www.amazon.com/dp/B01LZZ4MUD,$17.99,"Temporarily out of stock.
        
        
    
    

    
    
         
        
        
            Order now and we'll deliver when available. We'll e-mail you with an estimated delivery date as soon as we have more information. Your account will only be charged when we ship the item.",
Home & Kitchen > Bath > Bath Rugs,B01LYZWKPI,"Chardin home - 2 Piece Splendor Reversible Bath Rug Set, (17''x24'' / 17''x 24"", Black",$17.99,http://www.amazon.com/dp/B01LYZWKPI,$17.99,"Temporarily out of stock.
        
        
    
    

    
    
         
        
        
            Order now and we'll deliver when available. We'll e-mail you with an estimated delivery date as soon as we have more information. Your account will only be charged when we ship the item.",
Home & Kitchen > Bath > Bath Rugs,B01LWQ21VE,"Chardin home - 2 Piece Splendor Reversible Bath Rug Set, (17''x24'' / 17''x 24"", Marine Blue",$17.99,http://www.amazon.com/dp/B01LWQ21VE,$17.99,"Temporarily out of stock.
        
        
    
    

    
    
         
        
        
            Order now and we'll deliver when available. We'll e-mail you with an estimated delivery date as soon as we have more information. Your account will only be charged when we ship the item.",
Home & Kitchen > Bath > Bath Rugs,B01LZNHPRS,"Chardin home - 2 Piece Splendor Reversible Bath Rug Set, (17''x24'' / 17''x 24"", Ivory",$17.99,http://www.amazon.com/dp/B01LZNHPRS,$17.99,"Temporarily out of stock.
        
        
    
    

    
    
         
        
        
            Order now and we'll deliver when available. We'll e-mail you with an estimated delivery date as soon as we have more information. Your account will only be charged when we ship the item.",
Home & Kitchen > Bath > Bath Rugs,B01LWQ21U8,"Chardin home - 2 Piece Splendor Reversible Bath Rug Set, (17''x24'' / 17''x 24"", Sage Green",$17.99,http://www.amazon.com/dp/B01LWQ21U8,$17.99,"Temporarily out of stock.
        
        
    
    

    
    
         
        
        
            Order now and we'll deliver when available. We'll e-mail you with an estimated delivery date as soon as we have more information. Your account will only be charged when we ship the item.",
Home & Kitchen > Bath > Bath Rugs,B01M0ASVEG,"Chardin home Shelby Paper/Polyester Shag Rug, Gray",$16.99,http://www.amazon.com/dp/B01M0ASVEG,$16.99,"Temporarily out of stock.
        
        
    
    

    
    
         
        
        
            Order now and we'll deliver when available. We'll e-mail you with an estimated delivery date as soon as we have more information. Your account will only be charged when we ship the item.",
Home & Kitchen > Bath > Bath Rugs,B01LZNCENK,Chardin home Paper/Polyester Shag Rug,$16.99,http://www.amazon.com/dp/B01LZNCENK,$16.99,"Temporarily out of stock.
        
        
    
    

    
    
         
        
        
            Order now and we'll deliver when available. We'll e-mail you with an estimated delivery date as soon as we have more information. Your account will only be charged when we ship the item.",
Home & Kitchen > Bath > Bath Rugs,B01LZB581Z,"Chardin Home - Shelby Paper/Polyester Shag Rug, 20""x32"" Soft & highly absorbent mat, Machine washable, Gray",$16.99,http://www.amazon.com/dp/B01LZB581Z,$16.99,"Temporarily out of stock.
        
        
    
    

    
    
         
        
        
            Order now and we'll deliver when available. We'll e-mail you with an estimated delivery date as soon as we have more information. Your account will only be charged when we ship the item.",
Home & Kitchen > Bath > Bath Rugs,B01LXP1HCJ,Chardin home Plush Solid Pebbles Microfiber Chenille Rug,$17.99,http://www.amazon.com/dp/B01LXP1HCJ,$17.99,"Temporarily out of stock.
        
        
    
    

    
    
         
        
        
            Order now and we'll deliver when available. We'll e-mail you with an estimated delivery date as soon as we have more information. Your account will only be charged when we ship the item.",
Home & Kitchen > Bath > Bath Rugs,B01M1J3A77,"Chardin home Plush Solid Pebbles Microfiber Chenille Rug, Soft and highly absorbent mat, Chocolate",$17.99,http://www.amazon.com/dp/B01M1J3A77,$17.99,"Temporarily out of stock.
        
        
    
    

    
    
         
        
        
            Order now and we'll deliver when available. We'll e-mail you with an estimated delivery date as soon as we have more information. Your account will only be charged when we ship the item.",
Home & Kitchen > Bath > Bath Rugs,B01M0MGDME,"Chardin home Plush Solid Pebbles Microfiber Chenille Rug, Gray",$17.99,http://www.amazon.com/dp/B01M0MGDME,$17.99,"Temporarily out of stock.
        
        
    
    

    
    
         
        
        
            Order now and we'll deliver when available. We'll e-mail you with an estimated delivery date as soon as we have more information. Your account will only be charged when we ship the item.",
Home & Kitchen > Bath > Bath Rugs,B01LYC1NBD,"Chardin Home - Bliss Micro Shag Rug, 24""x40"" Soft & highly absorbent mat, Machine washable, Silver Gray",$19.99,http://www.amazon.com/dp/B01LYC1NBD,$19.99,"Temporarily out of stock.
        
        
    
    

    
    
         
        
        
            Order now and we'll deliver when available. We'll e-mail you with an estimated delivery date as soon as we have more information. Your account will only be charged when we ship the item.",
Home & Kitchen > Bath > Bath Rugs,B01LYNU930,"Chardin Home - Bliss Micro Shag Rug, 24""x40"" Soft & highly absorbent mat, Machine washable, Black",$19.99,http://www.amazon.com/dp/B01LYNU930,$19.99,"Temporarily out of stock.
        
        
    
    

    
    
         
        
        
            Order now and we'll deliver when available. We'll e-mail you with an estimated delivery date as soon as we have more information. Your account will only be charged when we ship the item.",
Home & Kitchen > Bath > Bath Rugs,B01M0ADRPH,"Chardin Home - Bliss Micro Shag Rug, 24""x40"" Soft & highly absorbent mat, Machine washable, Blue",$19.99,http://www.amazon.com/dp/B01M0ADRPH,$19.99,"Temporarily out of stock.
        
        
    
    

    
    
         
        
        
            Order now and we'll deliver when available. We'll e-mail you with an estimated delivery date as soon as we have more information. Your account will only be charged when we ship the item.",
Home & Kitchen > Bath > Bath Rugs,B01LXOMWMD,"Chardin Home - Bliss Micro Shag Rug, 24""x40"" Soft & highly absorbent mat, Machine washable, Cream",$19.99,http://www.amazon.com/dp/B01LXOMWMD,$19.99,"Temporarily out of stock.
        
        
    
    

    
    
         
        
        
            Order now and we'll deliver when available. We'll e-mail you with an estimated delivery date as soon as we have more information. Your account will only be charged when we ship the item.",
Home & Kitchen > Bath > Bath Rugs,B01LYZ4UJS,"Chardin Home - Bliss Micro Shag Rug, 24""x40"" Soft & highly absorbent mat, Machine washable, Red",$19.99,http://www.amazon.com/dp/B01LYZ4UJS,$19.99,"Temporarily out of stock.
        
        
    
    

    
    
         
        
        
            Order now and we'll deliver when available. We'll e-mail you with an estimated delivery date as soon as we have more information. Your account will only be charged when we ship the item.",
Home & Kitchen > Home Décor,B01LYC1NB2,Chardin Home Rainbow Multi Chindi Rag Rug,$7.99,http://www.amazon.com/dp/B01LYC1NB2,$7.99,"Temporarily out of stock.
        
        
    
    

    
    
         
        
        
            Order now and we'll deliver when available. We'll e-mail you with an estimated delivery date as soon as we have more information. Your account will only be charged when we ship the item.",
"Home & Kitchen > Home Décor > Area Rugs, Runners & Pads > Area Rugs",B01KZRZMZU,Chardin Home Rainbow Multi Chindi Rag Rug,$38.77,http://www.amazon.com/dp/B01KZRZMZU,$38.77,Usually ships within 1 to 2 months.,
Home & Kitchen > Bath > Bath Rugs,B01H24VVFE,"Chardin Home - Iris Rug, 21''x34'' mat made with finest Cotton & Rayon Chenille Yarns, Blue Tonal",$14.99,http://www.amazon.com/dp/B01H24VVFE,$14.99,Only 1 left in stock (more on the way).,
"Home & Kitchen > Home Décor > Area Rugs, Runners & Pads > Area Rugs",B01H25FHQC,"Chardin Home - Iris Rug, 21''x34'' mat made with finest Cotton & Rayon Chenille Yarns, Grays & White",$14.03,http://www.amazon.com/dp/B01H25FHQC,$14.03,Only 1 left in stock (more on the way).,
"Home & Kitchen > Home Décor > Area Rugs, Runners & Pads > Area Rugs",B01H27JW2U,"Chardin Home - 100% cotton Diamond Rug Fully reversible - Mat size 21''x34'', Machine washable, Black & White",$12.03,http://www.amazon.com/dp/B01H27JW2U,$12.03,Usually ships within 1 to 2 months.,"#9,192 in Home and Kitchen ()#1,464 in  >  >  >"
"Home & Kitchen > Home Décor > Area Rugs, Runners & Pads > Area Rugs",B01H287HF8,"Chardin Home - 100% cotton Diamond Rug Fully reversible - Mat size 21''x34'', Machine washable, Gray & White",$12.99,http://www.amazon.com/dp/B01H287HF8,$12.99,Only 19 left in stock (more on the way).,"#9,988 in Home and Kitchen ()#1,648 in  >  >  >"
